{
  "project_info": {
    "project_number": "991395947689",
    "firebase_url": "https://donder-74a48.firebaseio.com",
    "project_id": "donder-74a48",
    "storage_bucket": "donder-74a48.appspot.com"
  },
  "client": [
    {
      "client_info": {
        "mobilesdk_app_id": "1:991395947689:android:281ac3cdff345b8af9f5b8",
        "android_client_info": {
          "package_name": "com.project.donder"
        }
      },
      "oauth_client": [
        {
          "client_id": "991395947689-4t76bj3bq1b7lup703ae4obfnevc9j2p.apps.googleusercontent.com",
          "client_type": 1,
          "android_info": {
            "package_name": "com.project.donder",
            "certificate_hash": "0f51a2c5dff2b2fbbf0668c66ee6927835507abf"
          }
        },
        {
          "client_id": "991395947689-f467jmfv9uf6cq04o8233iludgad7b99.apps.googleusercontent.com",
          "client_type": 3
        }
      ],
      "api_key": [
        {
          "current_key": "AIzaSyCFswK2biD_CwHt20zFeVoNirNHzYI7RnA"
        }
      ],
      "services": {
        "appinvite_service": {
          "other_platform_oauth_client": [
            {
              "client_id": "991395947689-f467jmfv9uf6cq04o8233iludgad7b99.apps.googleusercontent.com",
              "client_type": 3
            }
          ]
        }
      }
    }
  ],
  "configuration_version": "1"
}